{
  "n_outer": 5000,
  "k_inner": 10,
  "inner_lr": 0.001,
  "meta_lr": 0.05,
  "adapt_steps": 30,
  "baseline_epochs": 30,
  "device": "cuda",
  "results": {
    "1": {
      "reptile": [
        0.2416765553896675,
        0.21365106231013875,
        0.16959768130959507
      ],
      "baseline": [
        0.10977774098226879,
        0.1536063154862092,
        0.12713816122874183
      ]
    },
    "3": {
      "reptile": [
        0.25781459596294376,
        0.2382202951529965,
        0.23586240261851654
      ],
      "baseline": [
        0.13450080177217738,
        0.1556177335425446,
        0.1659121143947518
      ]
    },
    "5": {
      "reptile": [
        0.19134869707130137,
        0.19799150698972082,
        0.1832555523437538
      ],
      "baseline": [
        0.10433737675277034,
        0.18893638213067035,
        0.1183688262261267
      ]
    }
  }
}