{
  "SEED": 42,
  "n_outer": 8000,
  "k_inner": 10,
  "inner_lr": 0.003,
  "meta_lr": 0.01,
  "adapt_steps": 30,
  "baseline_epochs": 30,
  "device": "cuda",
  "metamodel_best_step": 7600,
  "metamodel_best_dice": 0.21398074408381695,
  "results": {
    "1": {
      "reptile": [
        0.2351229593028199,
        0.17532506338908968,
        0.21061577311133875
      ],
      "baseline": [
        0.108212328207437,
        0.15265560954958923,
        0.12714077225257345
      ]
    },
    "3": {
      "reptile": [
        0.2489510650335302,
        0.2211563569324812,
        0.20068989009630567
      ],
      "baseline": [
        0.13448900885583118,
        0.15538601249529152,
        0.16646153598285351
      ]
    },
    "5": {
      "reptile": [
        0.22648330318255777,
        0.21118954536670698,
        0.18214382237242913
      ],
      "baseline": [
        0.10455710645992715,
        0.1889177787550031,
        0.1183854092503072
      ]
    }
  }
}