{
  "SEED": 7,
  "n_outer": 8000,
  "k_inner": 10,
  "inner_lr": 0.003,
  "meta_lr": 0.01,
  "adapt_steps": 30,
  "baseline_epochs": 30,
  "device": "cuda",
  "metamodel_best_step": 3600,
  "metamodel_best_dice": 0.1645768391300647,
  "results": {
    "1": {
      "reptile": [
        0.2324413954500453,
        0.22230225301620382,
        0.1420190424208147
      ],
      "baseline": [
        0.11083527839943505,
        0.15351623061829633,
        0.12713227653278852
      ]
    },
    "3": {
      "reptile": [
        0.22257149214452066,
        0.22402377286269745,
        0.1781077622764291
      ],
      "baseline": [
        0.13448497285343355,
        0.1557299088925892,
        0.16625346686724918
      ]
    },
    "5": {
      "reptile": [
        0.17182825513574726,
        0.181918116912886,
        0.16318685869522448
      ],
      "baseline": [
        0.10454904423739887,
        0.1889277750875636,
        0.11838325468823696
      ]
    }
  }
}