{
  "n_outer": 6000,
  "k_inner": 5,
  "inner_lr": 0.001,
  "meta_lr": 0.1,
  "adapt_steps": 20,
  "baseline_epochs": 20,
  "device": "cuda",
  "results": {
    "1": {
      "reptile": [
        0.06776159059542158,
        0.025532929926587726,
        0.024397200542669945
      ],
      "baseline": [
        0.1460964363844577,
        0.09586436427276109,
        0.022860144588902398
      ]
    },
    "3": {
      "reptile": [
        0.09315549059066267,
        0.0839800073955858,
        0.06987561409316786
      ],
      "baseline": [
        0.13844532918469002,
        0.05597462135029163,
        0.04221515950435837
      ]
    },
    "5": {
      "reptile": [
        0.12046415755296938,
        0.09007803622639345,
        0.1248857544192249
      ],
      "baseline": [
        0.08640858222061552,
        0.08717669204091551,
        0.1780674567750461
      ]
    }
  }
}