{
  "n_outer": 5000,
  "k_inner": 10,
  "inner_lr": 0.001,
  "meta_lr": 0.05,
  "adapt_steps": 30,
  "baseline_epochs": 30,
  "device": "cuda",
  "results": {
    "1": {
      "reptile": [
        0.25406890105600377,
        0.21167159334372082,
        0.16020620242011635
      ],
      "baseline": [
        0.11177030082132902,
        0.1537006105999486,
        0.1271361963491759
      ]
    },
    "3": {
      "reptile": [
        0.19832398098906892,
        0.22894308804348343,
        0.2371996233603125
      ],
      "baseline": [
        0.13449232597005384,
        0.1564578157888408,
        0.16604084348206746
      ]
    },
    "5": {
      "reptile": [
        0.20781715212241614,
        0.1976285103566273,
        0.1827427156277954
      ],
      "baseline": [
        0.10458669816664541,
        0.1889294538308638,
        0.11837421730645292
      ]
    }
  }
}