{
  "n_outer": 2000,
  "k_inner": 30,
  "inner_lr": 0.001,
  "meta_lr": 0.1,
  "adapt_steps": 30,
  "baseline_epochs": 30,
  "device": "cuda",
  "results": {
    "1": {
      "reptile": [
        0.18245532341168505,
        0.025532929926587726,
        0.027941003809619724
      ],
      "baseline": [
        0.17847090004334326,
        0.026038572311981804,
        0.007853537875716509
      ]
    },
    "3": {
      "reptile": [
        0.16314479048294883,
        0.09187905030630024,
        0.07399380937384756
      ],
      "baseline": [
        0.15623940719787127,
        0.07877792463189574,
        0.022098732765890937
      ]
    },
    "5": {
      "reptile": [
        0.08269311344324434,
        0.10292061987823352,
        0.030695584004762737
      ],
      "baseline": [
        0.13638332323725366,
        0.0392419920063979,
        0.13745811285221415
      ]
    }
  }
}