{
  "n_outer": 2000,
  "k_inner": 10,
  "inner_lr": 0.001,
  "meta_lr": 0.05,
  "adapt_steps": 30,
  "baseline_epochs": 30,
  "device": "cuda",
  "results": {
    "1": {
      "reptile": [
        0.2496681665818548,
        0.2001181702293494,
        0.1845949802470938
      ],
      "baseline": [
        0.24645221810562323,
        0.18879953199655128,
        0.027941003809619724
      ]
    },
    "3": {
      "reptile": [
        0.27174251653475623,
        0.2570955976114406,
        0.23694156746368852
      ],
      "baseline": [
        0.2320971213926563,
        0.24597196354059503,
        0.24161541679648552
      ]
    },
    "5": {
      "reptile": [
        0.23500302062611408,
        0.21615701649814845,
        0.21293253318651595
      ],
      "baseline": [
        0.20084598433240164,
        0.20435453583710422,
        0.19893315478154994
      ]
    }
  }
}