{
  "SEED": 123,
  "n_outer": 8000,
  "k_inner": 10,
  "inner_lr": 0.003,
  "meta_lr": 0.01,
  "adapt_steps": 30,
  "baseline_epochs": 30,
  "device": "cuda",
  "metamodel_best_step": 3000,
  "metamodel_best_dice": 0.16769996439222432,
  "results": {
    "1": {
      "reptile": [
        0.21244324593128347,
        0.1809333549824428,
        0.12036433673744407
      ],
      "baseline": [
        0.10978028551924479,
        0.15352303416320973,
        0.12714754448053214
      ]
    },
    "3": {
      "reptile": [
        0.1888096848298029,
        0.22234596659564948,
        0.1708730718962744
      ],
      "baseline": [
        0.13449489767953,
        0.15450367749649455,
        0.166719829340914
      ]
    },
    "5": {
      "reptile": [
        0.18351961106623083,
        0.17526559517042184,
        0.1435119738914223
      ],
      "baseline": [
        0.10456318313300281,
        0.1889408691626596,
        0.11837192876376383
      ]
    }
  }
}